country,1972
Afghanistan,0.013772391355434569
Albania,0.002649697635126773
Algeria,0.01666591209432838
Andorra,2.5853029097868393e-05
Angola,0.007140441821889963
Antigua and Barbuda,7.400121419306133e-05
Argentina,0.028471476709015113
Armenia,0.002985346040838455
Australia,0.015392762969215101
Austria,0.008726091186803769
Azerbaijan,0.006226089268399519
Bahamas,0.00022608466422931986
Bahrain,0.00027932544582496595
Bangladesh,0.08286966660021869
Barbados,0.0002885847121894261
Belarus,0.010577944459695805
Belgium,0.011214519022252444
Belize,0.00014390867524473574
Benin,0.003714513267039694
Bhutan,0.000381177375834028
Bolivia,0.005554792456976156
Bosnia and Herzegovina,0.004455254576196509
Botswana,0.0007191405981368246
Brazil,0.11574006219405235
Brunei,0.00016358461626921362
Bulgaria,0.009929795814183592
Burkina Faso,0.006723774835489254
Burundi,0.004189050668218279
Cambodia,0.007719145969668724
Cameroon,0.007881183131046778
Canada,0.02569369679967706
Cape Verde,0.0003429829020806297
Central African Republic,0.0025223827226154454
Chad,0.00450155090801881
Chile,0.01180479725298678
China,1.0
Colombia,0.02523073348145405
Comoros,0.00030015879514500135
"Congo, Dem. Rep.",0.024652029333675288
"Congo, Rep.",0.0017237709986807547
Costa Rica,0.00224460473168164
Cote d'Ivoire,0.006839515665045007
Croatia,0.0052075699683089
Cuba,0.010554796293784655
Cyprus,0.0007642795216635681
Czech Republic,0.011411278432497222
Denmark,0.005774700033132085
Djibouti,0.0001913624153625942
Dominica,8.036695981862772e-05
Dominican Republic,0.005381181212642527
Ecuador,0.007557108808290671
Egypt,0.04201315376703813
El Salvador,0.004455254576196509
Equatorial Guinea,0.00035687180162731995
Eritrea,0.0015154375054804007
Estonia,0.0016080301691250025
Eswatini,0.0005385849040298511
Ethiopia,0.03402703652769122
Fiji,0.000635807200856683
Finland,0.005369607129686952
France,0.05983724151862399
Gabon,0.0007179831898412671
Gambia,0.0006415942423344706
Georgia,0.005647385120620758
Germany,0.0910872654986771
Ghana,0.010925166948363062
Greece,0.010242296053984124
Grenada,0.00011358457790112863
Guatemala,0.0065733117570667765
Guinea,0.005126551387619873
Guinea-Bissau,0.0006786313077923113
Guyana,0.000834881427692577
Haiti,0.005566366539931732
Holy See,0.0
Honduras,0.0033788648613280125
"Hong Kong, China",0.004767754815997041
Hungary,0.012036278912098285
Iceland,0.00024113097207156768
India,0.6597219611060882
Indonesia,0.14120304469631784
Iran,0.03576314897102751
Iraq,0.012036278912098285
Ireland,0.003517753856794915
Israel,0.003564050188617216
Italy,0.06261502142796203
Jamaica,0.0022330306487260646
Japan,0.12615673685407006
Jordan,0.0019784008237034097
Kazakhstan,0.015045540480547844
Kenya,0.014119613844101826
Kiribati,6.844565437438523e-05
Kuwait,0.0010640482702129667
Kyrgyz Republic,0.0036682169352173933
Lao,0.0032399758658611098
Latvia,0.0027770125476381004
Lebanon,0.002904327460149428
Lesotho,0.0012608076804577456
Liberia,0.0017816414134586309
Libya,0.0025802531373933218
Liechtenstein,2.469562080231087e-05
Lithuania,0.0037029391840841188
Luxembourg,0.00039969590856294833
Madagascar,0.008182109287891733
Malawi,0.005635811037665183
Malaysia,0.01238350140076554
Maldives,0.00015085312501808088
Mali,0.007499238393512795
Malta,0.00038001996753847045
Marshall Islands,2.7010437393425915e-05
Mauritania,0.0013534003441023474
Mauritius,0.00098765932270617
Mexico,0.062499280598406294
"Micronesia, Fed. Sts.",7.133917511327904e-05
Moldova,0.004293217414818456
Monaco,2.805210485942769e-05
Mongolia,0.001584882003213852
Montenegro,0.0006253905261966653
Morocco,0.018402024537664662
Mozambique,0.01005711072669492
Myanmar,0.0328696282321337
Namibia,0.0009297889079282938
Nauru,7.114588792792093e-06
Nepal,0.015045540480547844
Netherlands,0.015392762969215101
New Zealand,0.0033788648613280125
Nicaragua,0.0029737719578828794
Niger,0.005670533286531909
Nigeria,0.0678233587579709
North Korea,0.018517765367220416
North Macedonia,0.0019899749066589847
Norway,0.004547847239841111
Oman,0.000810575853485869
Pakistan,0.0736104002357585
Palau,1.3353019505847144e-05
Palestine,0.0013418262611467721
Panama,0.0018510859111920822
Papua New Guinea,0.0030432164556163308
Paraguay,0.0028927533771938526
Peru,0.016434430435216873
Philippines,0.04560111948326646
Poland,0.03819370639169831
Portugal,0.010207573805117397
Qatar,0.00016937165774700124
Romania,0.02384184352678502
Russia,0.15277712765189308
Rwanda,0.0048834956455527925
Samoa,0.0001670568411558862
San Marino,2.0991914256526797e-05
Sao Tome and Principe,9.298271024020473e-05
Saudi Arabia,0.00452469907392996
Senegal,0.005485347959242705
Serbia,0.008587202191336865
Seychelles,6.508917031726841e-05
Sierra Leone,0.003251549948816685
Singapore,0.002499234556704295
Slovak Republic,0.0053233107978646515
Slovenia,0.002047845321436861
Solomon Islands,0.00021335317297818711
Somalia,0.004559421322796686
South Africa,0.02731406841345759
South Korea,0.039235373857700075
South Sudan,0.004096458004573677
Spain,0.03992981883503459
Sri Lanka,0.014814058821436339
St. Kitts and Nevis,5.015860330457638e-05
St. Lucia,0.00012191791762914279
St. Vincent and the Grenadines,0.00011242716960557111
Sudan,0.014466836332769083
Suriname,0.000458723731636382
Sweden,0.009397387998227131
Switzerland,0.00724460856849014
Syria,0.007904331296957928
Taiwan,0.017939061219441655
Tajikistan,0.003610346520439517
Tanzania,0.01678165292388413
Thailand,0.04386500703993017
Timor-Leste,0.000662427591654506
Togo,0.00275386438172695
Tonga,0.00010039012333177287
Trinidad and Tobago,0.0011682150168131438
Tunisia,0.00624923743431067
Turkey,0.04444371118770893
Turkmenistan,0.0026728458010379236
Tuvalu,5.818291501767668e-06
UAE,0.0004448348320896917
UK,0.06492983801907708
USA,0.24652719959205244
Uganda,0.012614983059877046
Ukraine,0.0554390899955054
Uruguay,0.0032631240317722602
Uzbekistan,0.014466836332769083
Vanuatu,0.00010525123817311446
Venezuela,0.014003873014546073
Vietnam,0.05023075266549654
Yemen,0.008633498523159167
Zambia,0.0052885885489979256
Zimbabwe,0.006411274595688723
